2,5,1,1.330689
3,5,1,0.675488
4,5,1,0.816979
5,5,1,0.669949
6,5,1,0.066320
7,5,1,0.252161
2,5,3,1.451330
3,5,3,1.204329
4,5,3,1.027121
5,5,3,0.308305
6,5,3,0.319328
7,5,3,0.287301
2,5,5,1.435599
3,5,5,0.605374
4,5,5,0.932986
5,5,5,0.721319
6,5,5,0.553693
7,5,5,0.350462
2,5,7,0.747929
3,5,7,1.280838
4,5,7,0.764531
5,5,7,0.619463
6,5,7,0.525682
7,5,7,0.333716
2,5,9,0.738693
3,5,9,0.977950
4,5,9,0.756097
5,5,9,0.827299
6,5,9,0.518861
7,5,9,0.158847
2,5,11,1.446485
3,5,11,0.961083
4,5,11,0.891137
5,5,11,0.619253
6,5,11,0.422030
7,5,11,0.333118
2,5,13,1.425996
3,5,13,1.118823
4,5,13,0.891157
5,5,13,0.516430
6,5,13,0.487059
7,5,13,0.262793
2,5,15,1.354260
3,5,15,1.284736
4,5,15,1.012933
5,5,15,0.535633
6,5,15,0.514365
7,5,15,0.344455
2,5,17,0.743833
3,5,17,1.231126
4,5,17,0.915873
5,5,17,0.769201
6,5,17,0.474906
7,5,17,0.403476
2,5,19,1.353055
3,5,19,1.186583
4,5,19,0.973173
5,5,19,0.752578
6,5,19,0.608326
7,5,19,0.397584
2,5,21,0.742144
3,5,21,0.647717
4,5,21,0.948086
5,5,21,0.716411
6,5,21,0.506342
7,5,21,0.336583
2,5,5,1.372132
3,5,5,0.657604
4,5,5,0.761657
5,5,5,0.802449
6,5,5,0.327737
7,5,5,0.281070
2,10,5,1.253857
3,10,5,0.773979
4,10,5,0.846364
5,10,5,0.713191
6,10,5,0.335665
7,10,5,0.339940
2,15,5,1.333702
3,15,5,1.246975
4,15,5,0.522325
5,15,5,1.056530
6,15,5,0.664985
7,15,5,0.406797
2,20,5,1.496885
3,20,5,1.470805
4,20,5,0.948304
5,20,5,1.114303
6,20,5,0.823922
7,20,5,0.533320
2,25,5,1.746749
3,25,5,1.689049
4,25,5,0.840361
5,25,5,0.868902
6,25,5,0.804092
7,25,5,0.603039
2,30,5,1.495674
3,30,5,0.899531
4,30,5,1.157397
5,30,5,1.154005
6,30,5,0.860470
7,30,5,0.464581
2,35,5,0.916207
3,35,5,1.526009
4,35,5,1.298157
5,35,5,1.175695
6,35,5,0.869951
7,35,5,0.529378
2,40,5,1.353022
3,40,5,1.240282
4,40,5,1.031027
5,40,5,1.171345
6,40,5,0.913457
7,40,5,0.539770
2,45,5,0.917270
3,45,5,1.527211
4,45,5,1.286588
5,45,5,1.090641
6,45,5,0.665394
7,45,5,0.569152
2,50,5,1.225089
3,50,5,0.867300
4,50,5,1.238861
5,50,5,1.060623
6,50,5,0.844203
7,50,5,0.520598
2,55,5,1.202440
3,55,5,1.496721
4,55,5,1.304258
5,55,5,0.815569
6,55,5,0.597807
7,55,5,0.428382
2,60,5,1.480122
3,60,5,1.502183
4,60,5,1.278831
5,60,5,1.110674
6,60,5,0.551314
7,60,5,0.272636
2,65,5,1.485271
3,65,5,1.214299
4,65,5,1.337440
5,65,5,0.825622
6,65,5,0.858225
7,65,5,0.543306
2,70,5,1.596736
3,70,5,0.867962
4,70,5,1.189943
5,70,5,1.129282
6,70,5,0.787247
7,70,5,0.538309
2,75,5,1.532529
3,75,5,1.471180
4,75,5,1.270791
5,75,5,0.844882
6,75,5,0.819984
7,75,5,0.562423
2,80,5,0.860710
3,80,5,0.823943
4,80,5,1.219756
5,80,5,1.103077
6,80,5,0.849398
7,80,5,0.542286
2,85,5,1.389052
3,85,5,0.845836
4,85,5,0.786582
5,85,5,1.065908
6,85,5,0.723525
7,85,5,0.516925
2,90,5,1.558481
3,90,5,0.810028
4,90,5,0.889949
5,90,5,1.126360
6,90,5,0.789582
7,90,5,0.535385
2,95,5,1.477985
3,95,5,1.496640
4,95,5,1.274795
5,95,5,0.862878
6,95,5,0.841672
7,95,5,0.558654
2,100,5,1.581082
3,100,5,0.881019
4,100,5,0.830093
5,100,5,1.112235
6,100,5,0.619072
7,100,5,0.409477
2,5,1,1.458394
3,5,1,0.685622
4,5,1,0.840009
5,5,1,0.259451
6,5,1,0.194255
7,5,1,0.268460
2,5,3,1.406182
3,5,3,1.254014
4,5,3,0.599063
5,5,3,0.649236
6,5,3,0.429986
7,5,3,0.287561
2,5,5,1.185743
3,5,5,1.154705
4,5,5,0.966910
5,5,5,0.782707
6,5,5,0.419875
7,5,5,0.197459
2,5,7,0.760404
3,5,7,1.241872
4,5,7,1.071936
5,5,7,0.621268
6,5,7,0.438391
7,5,7,0.332408
2,5,9,1.187862
3,5,9,0.755967
4,5,9,0.808781
5,5,9,0.578413
6,5,9,0.507173
7,5,9,0.287546
2,5,11,1.234000
3,5,11,0.741750
4,5,11,0.504518
5,5,11,0.700973
6,5,11,0.262720
7,5,11,0.156715
2,5,13,1.407052
3,5,13,1.259192
4,5,13,1.030392
5,5,13,0.863662
6,5,13,0.495526
7,5,13,0.390214
2,5,15,1.438914
3,5,15,1.304767
4,5,15,0.975552
5,5,15,0.748557
6,5,15,0.537758
7,5,15,0.348282
2,5,17,0.772968
3,5,17,1.251277
4,5,17,0.817212
5,5,17,0.688487
6,5,17,0.442456
7,5,17,0.363448
2,5,19,1.217151
3,5,19,1.102657
4,5,19,0.492621
5,5,19,0.607151
6,5,19,0.591721
7,5,19,0.363190
2,5,21,1.235116
3,5,21,0.685365
4,5,21,0.816518
5,5,21,0.600133
6,5,21,0.314888
7,5,21,0.298592
2,5,5,1.426585
3,5,5,1.273179
4,5,5,0.609777
5,5,5,0.351694
6,5,5,0.167687
7,5,5,0.333808
2,10,5,1.452843
3,10,5,1.408656
4,10,5,1.157470
5,10,5,0.726309
6,10,5,0.369730
7,10,5,0.419549
2,15,5,0.804306
3,15,5,1.431054
4,15,5,0.990739
5,15,5,0.657272
6,15,5,0.592975
7,15,5,0.413662
2,20,5,1.323903
3,20,5,0.811510
4,20,5,0.690420
5,20,5,0.717465
6,20,5,0.578848
7,20,5,0.509703
2,25,5,1.521311
3,25,5,1.595565
4,25,5,1.158602
5,25,5,0.740443
6,25,5,0.608631
7,25,5,0.539797
2,30,5,0.896448
3,30,5,0.922412
4,30,5,1.327427
5,30,5,1.048574
6,30,5,0.821206
7,30,5,0.633673
2,35,5,0.898954
3,35,5,0.897850
4,35,5,1.406398
5,35,5,1.025480
6,35,5,0.786339
7,35,5,0.510939
2,40,5,1.522386
3,40,5,1.541015
4,40,5,0.723532
5,40,5,0.980414
6,40,5,0.914396
7,40,5,0.526553
2,45,5,1.601150
3,45,5,1.158927
4,45,5,1.280863
5,45,5,1.114542
6,45,5,0.927127
7,45,5,0.536984
2,50,5,1.352204
3,50,5,1.529582
4,50,5,1.040169
5,50,5,1.166884
6,50,5,0.875648
7,50,5,0.480624
2,55,5,1.526941
3,55,5,1.457280
4,55,5,1.309908
5,55,5,1.140919
6,55,5,0.627656
7,55,5,0.496250
2,60,5,0.847456
3,60,5,1.466519
4,60,5,1.315061
5,60,5,1.077071
6,60,5,0.761047
7,60,5,0.494900
2,65,5,1.564758
3,65,5,1.013561
4,65,5,1.183731
5,65,5,0.887441
6,65,5,0.643938
7,65,5,0.517642
2,70,5,0.859254
3,70,5,0.813922
4,70,5,0.927636
5,70,5,0.815298
6,70,5,0.626621
7,70,5,0.559740
2,75,5,0.804866
3,75,5,1.463175
4,75,5,0.774154
5,75,5,1.179430
6,75,5,0.844352
7,75,5,0.508674
2,80,5,1.420250
3,80,5,1.549298
4,80,5,1.048608
5,80,5,1.117608
6,80,5,0.760335
7,80,5,0.584374
2,85,5,0.846951
3,85,5,1.525256
4,85,5,1.292939
5,85,5,0.880242
6,85,5,0.994600
7,85,5,0.502293
2,90,5,1.249333
3,90,5,0.839135
4,90,5,1.032791
5,90,5,0.639759
6,90,5,0.692976
7,90,5,0.548746
2,95,5,1.343626
3,95,5,1.215427
4,95,5,0.799101
5,95,5,0.967767
6,95,5,0.656395
7,95,5,0.477546
2,100,5,0.865810
3,100,5,1.519912
4,100,5,1.174550
5,100,5,1.168536
6,100,5,0.880053
7,100,5,0.527112
2,5,1,1.370280
3,5,1,0.862292
4,5,1,0.962569
5,5,1,0.466274
6,5,1,0.480116
7,5,1,0.112040
2,5,3,1.382502
3,5,3,1.188911
4,5,3,0.980154
5,5,3,0.713486
6,5,3,0.565744
7,5,3,0.347558
2,5,5,1.462547
3,5,5,1.017628
4,5,5,1.014449
5,5,5,0.686832
6,5,5,0.508566
7,5,5,0.311502
2,5,7,1.225411
3,5,7,1.261338
4,5,7,0.803816
5,5,7,0.674799
6,5,7,0.520919
7,5,7,0.342139
2,5,9,1.428905
3,5,9,1.283400
4,5,9,1.007341
5,5,9,0.789875
6,5,9,0.496932
7,5,9,0.351460
2,5,11,1.367216
3,5,11,1.076103
4,5,11,0.879969
5,5,11,0.901093
6,5,11,0.371453
7,5,11,0.381648
2,5,13,1.225784
3,5,13,1.034103
4,5,13,1.060027
5,5,13,0.811898
6,5,13,0.496699
7,5,13,0.348962
2,5,15,2.121518
3,5,15,0.740254
4,5,15,1.021471
5,5,15,0.847477
6,5,15,0.471526
7,5,15,0.288015
2,5,17,1.430375
3,5,17,0.648764
4,5,17,0.980495
5,5,17,0.674095
6,5,17,0.325417
7,5,17,0.343778
2,5,19,1.218945
3,5,19,0.751887
4,5,19,0.964861
5,5,19,0.617450
6,5,19,0.443347
7,5,19,0.306069
2,5,21,0.865662
3,5,21,0.978866
4,5,21,0.773248
5,5,21,0.793197
6,5,21,0.261697
7,5,21,0.378176
2,5,5,1.187394
3,5,5,1.229097
4,5,5,0.576469
5,5,5,0.659336
6,5,5,0.427200
7,5,5,0.334380
2,10,5,1.506178
3,10,5,1.108907
4,10,5,1.153553
5,10,5,0.750431
6,10,5,0.571346
7,10,5,0.331595
2,15,5,0.782479
3,15,5,0.811937
4,15,5,1.250006
5,15,5,1.075975
6,15,5,0.577971
7,15,5,0.455139
2,20,5,1.293526
3,20,5,0.824237
4,20,5,1.149520
5,20,5,1.039903
6,20,5,0.746499
7,20,5,0.423829
2,25,5,1.524791
3,25,5,1.536758
4,25,5,1.078339
5,25,5,1.175752
6,25,5,0.681092
7,25,5,0.522525
2,30,5,1.505951
3,30,5,0.923307
4,30,5,1.018223
5,30,5,0.947493
6,30,5,0.868185
7,30,5,0.549553
2,35,5,1.371617
3,35,5,1.361136
4,35,5,1.177736
5,35,5,0.876146
6,35,5,0.825720
7,35,5,0.539211
2,40,5,1.507602
3,40,5,1.576513
4,40,5,1.034459
5,40,5,0.863288
6,40,5,0.652993
7,40,5,0.514661
2,45,5,1.363082
3,45,5,1.230194
4,45,5,1.122966
5,45,5,1.079036
6,45,5,0.576486
7,45,5,0.508293
2,50,5,1.315708
3,50,5,1.915886
4,50,5,1.081986
5,50,5,0.963289
6,50,5,0.801583
7,50,5,0.528991
2,55,5,1.510034
3,55,5,1.470466
4,55,5,1.253314
5,55,5,1.095138
6,55,5,0.884245
7,55,5,0.601054
2,60,5,1.858377
3,60,5,1.538757
4,60,5,1.290844
5,60,5,0.853353
6,60,5,0.584289
7,60,5,0.491194
2,65,5,1.387538
3,65,5,1.353982
4,65,5,1.088701
5,65,5,0.865814
6,65,5,0.832052
7,65,5,0.356381
2,70,5,1.346092
3,70,5,1.651662
4,70,5,1.387427
5,70,5,1.182127
6,70,5,0.718158
7,70,5,0.479701
2,75,5,0.801330
3,75,5,1.497669
4,75,5,1.337655
5,75,5,0.851097
6,75,5,0.810070
7,75,5,0.493664
2,80,5,0.859154
3,80,5,1.067028
4,80,5,1.284340
5,80,5,0.664664
6,80,5,0.550939
7,80,5,0.500237
2,85,5,2.097392
3,85,5,0.979035
4,85,5,1.313335
5,85,5,1.105624
6,85,5,0.889204
7,85,5,0.556786
2,90,5,1.852821
3,90,5,1.539478
4,90,5,1.045933
5,90,5,0.898365
6,90,5,0.915556
7,90,5,0.539858
2,95,5,1.248211
3,95,5,1.474826
4,95,5,1.225868
5,95,5,0.762309
6,95,5,0.718786
7,95,5,0.481397
2,100,5,1.243948
3,100,5,0.830896
4,100,5,1.068671
5,100,5,0.680369
6,100,5,0.597117
7,100,5,0.566359
2,5,1,1.421200
3,5,1,0.794632
4,5,1,0.879896
5,5,1,0.608560
6,5,1,0.150110
7,5,1,0.287586
2,5,3,1.402322
3,5,3,1.041276
4,5,3,0.833704
5,5,3,0.475544
6,5,3,0.155979
7,5,3,0.297729
2,5,5,1.374556
3,5,5,1.303451
4,5,5,0.741880
5,5,5,0.436253
6,5,5,0.302146
7,5,5,0.280386
2,5,7,1.176198
3,5,7,1.360805
4,5,7,0.825547
5,5,7,0.686934
6,5,7,0.456551
7,5,7,0.407371
2,5,9,1.222193
3,5,9,0.838067
4,5,9,0.803701
5,5,9,0.859345
6,5,9,0.605187
7,5,9,0.207749
2,5,11,1.220128
3,5,11,0.964409
4,5,11,0.631954
5,5,11,0.671469
6,5,11,0.170715
7,5,11,0.319160
2,5,13,1.203945
3,5,13,0.956292
4,5,13,0.872558
5,5,13,0.603189
6,5,13,0.443108
7,5,13,0.177774
2,5,15,1.211891
3,5,15,1.085795
4,5,15,0.854427
5,5,15,0.569150
6,5,15,0.441053
7,5,15,0.338625
2,5,17,1.454376
3,5,17,1.283969
4,5,17,0.624725
5,5,17,0.780167
6,5,17,0.457968
7,5,17,0.286979
2,5,19,0.753158
3,5,19,1.284662
4,5,19,0.719894
5,5,19,0.650413
6,5,19,0.453659
7,5,19,0.343427
2,5,21,1.281663
3,5,21,1.188333
4,5,21,1.023936
5,5,21,0.664657
6,5,21,0.234330
7,5,21,0.342646
2,5,5,1.199855
3,5,5,1.202030
4,5,5,0.791117
5,5,5,0.739033
6,5,5,0.603544
7,5,5,0.294720
2,10,5,1.423020
3,10,5,1.421905
4,10,5,1.137177
5,10,5,0.800618
6,10,5,0.563388
7,10,5,0.424691
2,15,5,0.798363
3,15,5,0.723679
4,15,5,0.602018
5,15,5,0.861885
6,15,5,0.675326
7,15,5,0.431702
2,20,5,1.571637
3,20,5,1.448672
4,20,5,1.074584
5,20,5,1.161100
6,20,5,0.538734
7,20,5,0.481486
2,25,5,1.399886
3,25,5,1.595138
4,25,5,0.748881
5,25,5,1.171056
6,25,5,0.829300
7,25,5,0.560934
2,30,5,0.901982
3,30,5,1.649553
4,30,5,0.857730
5,30,5,0.991267
6,30,5,0.440851
7,30,5,0.509312
2,35,5,1.508418
3,35,5,1.525460
4,35,5,1.358463
5,35,5,1.183589
6,35,5,0.632981
7,35,5,0.538058
2,40,5,1.588402
3,40,5,1.748065
4,40,5,1.133418
5,40,5,1.188469
6,40,5,0.933964
7,40,5,0.564484
2,45,5,1.631698
3,45,5,1.236607
4,45,5,1.204380
5,45,5,1.220434
6,45,5,0.866924
7,45,5,0.547620
2,50,5,1.585929
3,50,5,1.354326
4,50,5,1.075344
5,50,5,1.136552
6,50,5,0.697533
7,50,5,0.530279
2,55,5,1.370077
3,55,5,1.519702
4,55,5,1.102264
5,55,5,0.893736
6,55,5,0.495826
7,55,5,0.550443
2,60,5,1.569204
3,60,5,1.281496
4,60,5,1.063473
5,60,5,0.613555
6,60,5,0.780781
7,60,5,0.505943
2,65,5,0.832687
3,65,5,1.465541
4,65,5,0.869256
5,65,5,1.143033
6,65,5,0.937172
7,65,5,0.595441
2,70,5,1.675596
3,70,5,1.220598
4,70,5,1.356861
5,70,5,0.917990
6,70,5,0.526597
7,70,5,0.526135
2,75,5,1.340616
3,75,5,0.834770
4,75,5,1.246517
5,75,5,1.096928
6,75,5,0.856757
7,75,5,0.472949
2,80,5,1.376709
3,80,5,1.489317
4,80,5,0.787791
5,80,5,1.165633
6,80,5,0.650748
7,80,5,0.552754
2,85,5,1.258857
3,85,5,1.258664
4,85,5,0.996934
5,85,5,0.816725
6,85,5,0.674943
7,85,5,0.548538
2,90,5,1.568420
3,90,5,0.825710
4,90,5,0.977626
5,90,5,1.127880
6,90,5,0.830181
7,90,5,0.528296
2,95,5,2.176116
3,95,5,1.224553
4,95,5,1.270225
5,95,5,1.161204
6,95,5,0.693537
7,95,5,0.538235
2,100,5,1.346461
3,100,5,1.501620
4,100,5,0.958681
5,100,5,0.847043
6,100,5,0.648504
7,100,5,0.483079
2,5,1,1.266450
3,5,1,0.133708
4,5,1,0.243100
5,5,1,0.078051
6,5,1,0.045101
7,5,1,0.295573
2,5,3,1.357283
3,5,3,1.224485
4,5,3,0.913503
5,5,3,0.654874
6,5,3,0.528229
7,5,3,0.259889
2,5,5,0.734859
3,5,5,1.209896
4,5,5,0.997837
5,5,5,0.823827
6,5,5,0.569556
7,5,5,0.306282
2,5,7,0.726613
3,5,7,1.201501
4,5,7,0.976170
5,5,7,0.638654
6,5,7,0.559480
7,5,7,0.281053
2,5,9,0.871958
3,5,9,0.739910
4,5,9,0.996270
5,5,9,0.864322
6,5,9,0.380206
7,5,9,0.335650
2,5,11,0.745862
3,5,11,1.251521
4,5,11,0.701458
5,5,11,0.632897
6,5,11,0.365524
7,5,11,0.308992
2,5,13,1.369747
3,5,13,0.676382
4,5,13,0.887339
5,5,13,0.200305
6,5,13,0.562731
7,5,13,0.286906
2,5,15,0.736025
3,5,15,0.642823
4,5,15,1.029705
5,5,15,0.614443
6,5,15,0.321940
7,5,15,0.379073
2,5,17,1.197364
3,5,17,0.695174
4,5,17,0.796961
5,5,17,0.598235
6,5,17,0.449426
7,5,17,0.289831
2,5,19,0.751614
3,5,19,1.252598
4,5,19,0.843767
5,5,19,0.362725
6,5,19,0.652704
7,5,19,0.412643
2,5,21,1.174915
3,5,21,1.096424
4,5,21,0.921254
5,5,21,0.588387
6,5,21,0.404772
7,5,21,0.342937
2,5,5,1.350063
3,5,5,1.296192
4,5,5,0.927478
5,5,5,0.619624
6,5,5,0.266599
7,5,5,0.306591
2,10,5,1.430555
3,10,5,1.112540
4,10,5,0.822836
5,10,5,0.845836
6,10,5,0.739810
7,10,5,0.429166
2,15,5,1.280386
3,15,5,1.318289
4,15,5,1.206596
5,15,5,0.674759
6,15,5,0.434568
7,15,5,0.385838
2,20,5,1.517833
3,20,5,0.775948
4,20,5,1.283481
5,20,5,0.657033
6,20,5,0.829278
7,20,5,0.507951
2,25,5,1.538524
3,25,5,1.548454
4,25,5,1.304488
5,25,5,1.061723
6,25,5,0.749508
7,25,5,0.617024
2,30,5,1.248857
3,30,5,1.577773
4,30,5,1.365467
5,30,5,1.121726
6,30,5,0.947830
7,30,5,0.528300
2,35,5,1.504346
3,35,5,1.526976
4,35,5,1.070727
5,35,5,0.954973
6,35,5,0.702005
7,35,5,0.558240
2,40,5,1.476849
3,40,5,1.139300
4,40,5,1.239695
5,40,5,0.823467
6,40,5,0.642696
7,40,5,0.489825
2,45,5,0.849446
3,45,5,1.478374
4,45,5,0.773647
5,45,5,0.795726
6,45,5,0.589228
7,45,5,0.471728
2,50,5,1.513485
3,50,5,1.550897
4,50,5,1.260063
5,50,5,1.153576
6,50,5,0.633676
7,50,5,0.478043
2,55,5,1.229829
3,55,5,1.617116
4,55,5,1.097865
5,55,5,0.859779
6,55,5,0.758626
7,55,5,0.532003
2,60,5,0.852246
3,60,5,1.523864
4,60,5,1.366694
5,60,5,1.101833
6,60,5,0.450624
7,60,5,0.625517
2,65,5,1.351242
3,65,5,0.853726
4,65,5,1.372875
5,65,5,0.908708
6,65,5,0.619723
7,65,5,0.533622
2,70,5,1.477340
3,70,5,1.461787
4,70,5,1.223783
5,70,5,1.127118
6,70,5,0.744701
7,70,5,0.497768
2,75,5,1.581636
3,75,5,1.233057
4,75,5,1.364978
5,75,5,1.149375
6,75,5,0.514265
7,75,5,0.487226
2,80,5,0.864742
3,80,5,1.569128
4,80,5,1.246002
5,80,5,0.846467
6,80,5,0.608629
7,80,5,0.511530
2,85,5,0.960007
3,85,5,1.545107
4,85,5,0.980569
5,85,5,1.124831
6,85,5,0.731656
7,85,5,0.541857
2,90,5,1.444885
3,90,5,0.842168
4,90,5,1.296028
5,90,5,1.131980
6,90,5,0.803696
7,90,5,0.553104
2,95,5,1.474649
3,95,5,1.434713
4,95,5,1.328894
5,95,5,1.111771
6,95,5,0.942061
7,95,5,0.466194
2,100,5,0.891103
3,100,5,0.801097
4,100,5,1.016008
5,100,5,0.844755
6,100,5,0.639339
7,100,5,0.527325
2,5,1,0.771009
3,5,1,1.245919
4,5,1,0.676087
5,5,1,0.070712
6,5,1,0.097357
7,5,1,0.182359
2,5,3,0.753557
3,5,3,0.579915
4,5,3,0.896515
5,5,3,0.591551
6,5,3,0.561689
7,5,3,0.204439
2,5,5,0.764741
3,5,5,1.099148
4,5,5,0.688802
5,5,5,0.672829
6,5,5,0.393699
7,5,5,0.311737
2,5,7,1.167679
3,5,7,0.668301
4,5,7,0.562618
5,5,7,0.847822
6,5,7,0.396374
7,5,7,0.246203
2,5,9,1.154679
3,5,9,1.338742
4,5,9,0.986089
5,5,9,0.606255
6,5,9,0.330774
7,5,9,0.329623
2,5,11,1.440635
3,5,11,0.739115
4,5,11,1.075663
5,5,11,0.609163
6,5,11,0.261126
7,5,11,0.353941
2,5,13,1.233692
3,5,13,0.684868
4,5,13,0.525793
5,5,13,0.838446
6,5,13,0.519651
7,5,13,0.295688
2,5,15,1.433734
3,5,15,1.339583
4,5,15,0.481492
5,5,15,0.512795
6,5,15,0.604725
7,5,15,0.358525
2,5,17,1.238859
3,5,17,1.151877
4,5,17,1.016247
5,5,17,0.760378
6,5,17,0.444107
7,5,17,0.344621
2,5,19,1.431780
3,5,19,1.285930
4,5,19,1.137109
5,5,19,0.640023
6,5,19,0.464153
7,5,19,0.331604
2,5,21,1.437708
3,5,21,1.328784
4,5,21,1.072075
5,5,21,0.573674
6,5,21,0.439184
7,5,21,0.353426
2,5,5,1.408702
3,5,5,0.830469
4,5,5,0.976312
5,5,5,0.613146
6,5,5,0.509225
7,5,5,0.304581
2,10,5,1.299281
3,10,5,0.991809
4,10,5,0.639613
5,10,5,0.716593
6,10,5,0.474993
7,10,5,0.433034
2,15,5,1.286291
3,15,5,0.877634
4,15,5,0.969302
5,15,5,0.659551
6,15,5,0.525750
7,15,5,0.473042
2,20,5,0.849949
3,20,5,1.161195
4,20,5,1.352586
5,20,5,1.114029
6,20,5,0.719389
7,20,5,0.449965
2,25,5,0.887389
3,25,5,1.644712
4,25,5,1.437462
5,25,5,0.950589
6,25,5,0.591233
7,25,5,0.604056
2,30,5,0.910501
3,30,5,1.522373
4,30,5,1.421070
5,30,5,1.229217
6,30,5,0.706808
7,30,5,0.513504
2,35,5,1.578502
3,35,5,1.003746
4,35,5,1.316300
5,35,5,0.765817
6,35,5,0.657661
7,35,5,0.505062
2,40,5,1.375855
3,40,5,0.970462
4,40,5,1.075484
5,40,5,0.816739
6,40,5,0.732401
7,40,5,0.590051
2,45,5,1.576477
3,45,5,0.898164
4,45,5,0.699586
5,45,5,1.119391
6,45,5,0.675964
7,45,5,0.556839
2,50,5,0.867555
3,50,5,1.518922
4,50,5,1.329196
5,50,5,0.949204
6,50,5,0.740953
7,50,5,0.566315
2,55,5,0.865432
3,55,5,0.918986
4,55,5,0.978888
5,55,5,0.894901
6,55,5,0.620847
7,55,5,0.552507
2,60,5,1.575929
3,60,5,1.542339
4,60,5,1.280725
5,60,5,1.117215
6,60,5,0.759206
7,60,5,0.531474
2,65,5,1.190359
3,65,5,0.819468
4,65,5,1.339494
5,65,5,1.090798
6,65,5,0.661636
7,65,5,0.401753
2,70,5,1.470887
3,70,5,1.164793
4,70,5,1.193985
5,70,5,0.923085
6,70,5,0.647680
7,70,5,0.540969
2,75,5,1.505447
3,75,5,1.196231
4,75,5,1.307039
5,75,5,0.994710
6,75,5,0.590393
7,75,5,0.587229
2,80,5,1.577198
3,80,5,0.962974
4,80,5,1.385663
5,80,5,0.905030
6,80,5,0.690815
7,80,5,0.438472
2,85,5,1.471942
3,85,5,1.517924
4,85,5,1.055857
5,85,5,0.903411
6,85,5,0.818347
7,85,5,0.609664
2,90,5,1.386955
3,90,5,1.579010
4,90,5,1.055954
5,90,5,0.914079
6,90,5,0.632872
7,90,5,0.578052
2,95,5,0.870358
3,95,5,1.557136
4,95,5,0.987321
5,95,5,0.853229
6,95,5,0.802897
7,95,5,0.500054
2,100,5,0.852020
3,100,5,1.527452
4,100,5,1.274900
5,100,5,0.647105
6,100,5,0.841283
7,100,5,0.410875
2,5,1,1.331010
3,5,1,1.110679
4,5,1,0.805602
5,5,1,0.496137
6,5,1,0.290585
7,5,1,0.255721
2,5,3,1.431039
3,5,3,1.318802
4,5,3,0.593512
5,5,3,0.526334
6,5,3,0.189272
7,5,3,0.301231
2,5,5,1.438223
3,5,5,1.316750
4,5,5,0.780690
5,5,5,0.625640
6,5,5,0.430293
7,5,5,0.335224
2,5,7,1.357882
3,5,7,0.939170
4,5,7,0.960991
5,5,7,0.492362
6,5,7,0.479589
7,5,7,0.317695
2,5,9,1.229013
3,5,9,0.683883
4,5,9,1.058382
5,5,9,0.537357
6,5,9,0.329843
7,5,9,0.313652
2,5,11,0.990664
3,5,11,0.728017
4,5,11,0.821131
5,5,11,0.487334
6,5,11,0.403388
7,5,11,0.312674
2,5,13,1.374881
3,5,13,1.015384
4,5,13,0.694976
5,5,13,0.821357
6,5,13,0.265187
7,5,13,0.333169
2,5,15,1.429745
3,5,15,1.387620
4,5,15,0.834484
5,5,15,0.622175
6,5,15,0.471010
7,5,15,0.339283
2,5,17,1.415638
3,5,17,0.664418
4,5,17,0.609769
5,5,17,0.662149
6,5,17,0.557795
7,5,17,0.335986
2,5,19,0.752223
3,5,19,0.725107
4,5,19,0.571938
5,5,19,0.848493
6,5,19,0.625985
7,5,19,0.357191
2,5,21,1.233707
3,5,21,1.105680
4,5,21,0.656650
5,5,21,0.617028
6,5,21,0.415923
7,5,21,0.369215
2,5,5,1.199545
3,5,5,0.734091
4,5,5,0.870205
5,5,5,0.649917
6,5,5,0.100074
7,5,5,0.308111
2,10,5,1.442387
3,10,5,1.499980
4,10,5,0.938432
5,10,5,1.000556
6,10,5,0.474396
7,10,5,0.321361
2,15,5,0.695119
3,15,5,1.005328
4,15,5,1.169982
5,15,5,0.621387
6,15,5,0.615314
7,15,5,0.496358
2,20,5,1.558913
3,20,5,1.345219
4,20,5,1.281124
5,20,5,0.822754
6,20,5,0.462288
7,20,5,0.464107
2,25,5,1.363535
3,25,5,1.215026
4,25,5,0.883068
5,25,5,1.168315
6,25,5,0.659863
7,25,5,0.519876
2,30,5,0.929094
3,30,5,1.592569
4,30,5,1.372805
5,30,5,0.601291
6,30,5,0.804570
7,30,5,0.458742
2,35,5,0.857252
3,35,5,1.564143
4,35,5,1.310362
5,35,5,0.973572
6,35,5,0.631327
7,35,5,0.586415
2,40,5,1.356106
3,40,5,0.959932
4,40,5,1.147259
5,40,5,0.841473
6,40,5,0.901496
7,40,5,0.623272
2,45,5,1.417039
3,45,5,0.980029
4,45,5,1.091136
5,45,5,0.817900
6,45,5,0.797602
7,45,5,0.524364
2,50,5,1.325515
3,50,5,1.230957
4,50,5,1.409440
5,50,5,1.057278
6,50,5,0.744314
7,50,5,0.533879
2,55,5,0.913481
3,55,5,1.447247
4,55,5,1.321329
5,55,5,1.106496
6,55,5,0.694352
7,55,5,0.492830
2,60,5,1.997930
3,60,5,1.418459
4,60,5,1.281261
5,60,5,1.172219
6,60,5,0.852795
7,60,5,0.525726
2,65,5,1.083188
3,65,5,1.167443
4,65,5,1.305837
5,65,5,1.152390
6,65,5,0.628028
7,65,5,0.470660
2,70,5,1.572899
3,70,5,0.873015
4,70,5,1.315968
5,70,5,0.900099
6,70,5,0.725446
7,70,5,0.527771
2,75,5,1.372653
3,75,5,1.467557
4,75,5,1.324950
5,75,5,1.194658
6,75,5,0.727455
7,75,5,0.499239
2,80,5,0.860633
3,80,5,1.248803
4,80,5,1.344633
5,80,5,1.135184
6,80,5,0.842535
7,80,5,0.541859
2,85,5,1.466983
3,85,5,1.108536
4,85,5,1.193372
5,85,5,1.141540
6,85,5,0.832091
7,85,5,0.539545
2,90,5,1.573326
3,90,5,1.527930
4,90,5,1.129145
5,90,5,1.020326
6,90,5,0.811868
7,90,5,0.515828
2,95,5,1.577225
3,95,5,1.532822
4,95,5,1.227338
5,95,5,1.146495
6,95,5,0.715558
7,95,5,0.462555
2,100,5,1.466849
3,100,5,0.860031
4,100,5,1.268037
5,100,5,1.090788
6,100,5,0.851472
7,100,5,0.540459
2,5,1,1.138617
3,5,1,0.780079
4,5,1,0.461974
5,5,1,0.649316
6,5,1,0.094499
7,5,1,0.199953
2,5,3,1.194043
3,5,3,1.110080
4,5,3,1.010310
5,5,3,0.633139
6,5,3,0.288163
7,5,3,0.246088
2,5,5,0.741968
3,5,5,0.700751
4,5,5,0.459851
5,5,5,0.842548
6,5,5,0.240580
7,5,5,0.309793
2,5,7,1.173724
3,5,7,1.348295
4,5,7,0.627075
5,5,7,0.688372
6,5,7,0.554075
7,5,7,0.299222
2,5,9,1.177149
3,5,9,0.756048
4,5,9,0.840142
5,5,9,0.496412
6,5,9,0.463874
7,5,9,0.335297
2,5,11,1.323255
3,5,11,1.233485
4,5,11,0.980947
5,5,11,0.769746
6,5,11,0.600775
7,5,11,0.336472
2,5,13,1.242372
3,5,13,1.262807
4,5,13,0.852367
5,5,13,0.810146
6,5,13,0.430297
7,5,13,0.426973
2,5,15,1.447291
3,5,15,1.234293
4,5,15,0.772745
5,5,15,0.613701
6,5,15,0.313064
7,5,15,0.280324
2,5,17,1.361085
3,5,17,1.348281
4,5,17,1.044753
5,5,17,0.861260
6,5,17,0.428466
7,5,17,0.412095
2,5,19,1.358266
3,5,19,1.253725
4,5,19,0.785357
5,5,19,0.866765
6,5,19,0.395242
7,5,19,0.268626
2,5,21,1.360530
3,5,21,1.254531
4,5,21,0.957262
5,5,21,0.619875
6,5,21,0.557256
7,5,21,0.373486
2,5,5,0.777553
3,5,5,0.710169
4,5,5,0.978066
5,5,5,0.675066
6,5,5,0.208171
7,5,5,0.306048
2,10,5,1.447420
3,10,5,1.395114
4,10,5,1.150311
5,10,5,0.968290
6,10,5,0.470532
7,10,5,0.429479
2,15,5,1.422298
3,15,5,1.344303
4,15,5,1.145930
5,15,5,0.861573
6,15,5,0.675255
7,15,5,0.438866
2,20,5,0.836965
3,20,5,1.495390
4,20,5,1.263564
5,20,5,0.803182
6,20,5,0.813854
7,20,5,0.544586
2,25,5,0.892218
3,25,5,1.112500
4,25,5,1.037287
5,25,5,0.776456
6,25,5,0.831903
7,25,5,0.525389
2,30,5,0.875296
3,30,5,1.582810
4,30,5,1.341288
5,30,5,1.014307
6,30,5,0.604706
7,30,5,0.551546
2,35,5,1.511168
3,35,5,1.599169
4,35,5,1.033446
5,35,5,1.161065
6,35,5,0.872751
7,35,5,0.480838
2,40,5,1.570163
3,40,5,1.579675
4,40,5,0.772031
5,40,5,0.845697
6,40,5,0.478828
7,40,5,0.431167
2,45,5,1.529254
3,45,5,1.525976
4,45,5,1.166295
5,45,5,1.162521
6,45,5,0.669689
7,45,5,0.558050
2,50,5,1.394655
3,50,5,1.617437
4,50,5,0.842486
5,50,5,1.167385
6,50,5,0.622922
7,50,5,0.566669
2,55,5,0.832607
3,55,5,1.481201
4,55,5,1.280860
5,55,5,0.874142
6,55,5,0.650506
7,55,5,0.566547
2,60,5,1.370373
3,60,5,1.537750
4,60,5,1.324705
5,60,5,0.916667
6,60,5,0.684316
7,60,5,0.533314
2,65,5,1.482964
3,65,5,1.604322
4,65,5,1.287983
5,65,5,0.952560
6,65,5,0.793897
7,65,5,0.555167
2,70,5,0.969707
3,70,5,1.542259
4,70,5,1.311689
5,70,5,0.907127
6,70,5,0.577787
7,70,5,0.543240
2,75,5,1.480563
3,75,5,1.533605
4,75,5,0.964205
5,75,5,0.785533
6,75,5,0.764249
7,75,5,0.555864
2,80,5,0.850758
3,80,5,1.532583
4,80,5,1.311587
5,80,5,1.123622
6,80,5,0.806959
7,80,5,0.510035
2,85,5,1.670320
3,85,5,1.171635
4,85,5,0.726340
5,85,5,0.926586
6,85,5,0.667158
7,85,5,0.504318
2,90,5,1.481121
3,90,5,1.524108
4,90,5,1.106674
5,90,5,1.175093
6,90,5,0.598154
7,90,5,0.493302
2,95,5,0.865341
3,95,5,1.496011
4,95,5,1.100189
5,95,5,1.135443
6,95,5,0.808053
7,95,5,0.534384
2,100,5,1.147213
3,100,5,1.557198
4,100,5,1.371427
5,100,5,0.910500
6,100,5,0.658965
7,100,5,0.516633
2,5,1,0.763548
3,5,1,1.003144
4,5,1,0.797899
5,5,1,0.760524
6,5,1,0.528917
7,5,1,0.249860
2,5,3,1.239948
3,5,3,1.138781
4,5,3,0.582944
5,5,3,0.821575
6,5,3,0.461959
7,5,3,0.235457
2,5,5,0.771819
3,5,5,0.820867
4,5,5,0.560270
5,5,5,0.453578
6,5,5,0.289370
7,5,5,0.243863
2,5,7,1.222420
3,5,7,0.659858
4,5,7,0.800095
5,5,7,0.174498
6,5,7,0.541034
7,5,7,0.131063
2,5,9,0.744266
3,5,9,1.074024
4,5,9,0.633459
5,5,9,0.628282
6,5,9,0.307452
7,5,9,0.271994
2,5,11,1.360275
3,5,11,1.305628
4,5,11,0.823667
5,5,11,0.651020
6,5,11,0.165003
7,5,11,0.409124
2,5,13,1.329363
3,5,13,1.041210
4,5,13,0.814587
5,5,13,0.880036
6,5,13,0.465200
7,5,13,0.297055
2,5,15,1.433079
3,5,15,0.731141
4,5,15,0.994445
5,5,15,0.546683
6,5,15,0.451461
7,5,15,0.346156
2,5,17,1.235603
3,5,17,0.763824
4,5,17,1.015269
5,5,17,0.927996
6,5,17,0.496420
7,5,17,0.313274
2,5,19,1.416037
3,5,19,0.685329
4,5,19,1.021551
5,5,19,0.849259
6,5,19,0.493824
7,5,19,0.373638
2,5,21,1.236072
3,5,21,0.674403
4,5,21,1.021595
5,5,21,0.913336
6,5,21,0.561659
7,5,21,0.370581
2,5,5,1.369792
3,5,5,1.293046
4,5,5,0.760809
5,5,5,0.812827
6,5,5,0.381823
7,5,5,0.356245
2,10,5,0.762421
3,10,5,1.418402
4,10,5,1.162973
5,10,5,0.822364
6,10,5,0.609644
7,10,5,0.259956
2,15,5,1.539132
3,15,5,1.246542
4,15,5,0.701049
5,15,5,0.995270
6,15,5,0.512477
7,15,5,0.353697
2,20,5,1.276267
3,20,5,0.880027
4,20,5,1.351210
5,20,5,0.805650
6,20,5,0.489315
7,20,5,0.481640
2,25,5,1.444797
3,25,5,1.654287
4,25,5,1.136241
5,25,5,1.227341
6,25,5,0.669871
7,25,5,0.593047
2,30,5,1.606311
3,30,5,1.684513
4,30,5,1.011902
5,30,5,0.997821
6,30,5,0.789916
7,30,5,0.482580
2,35,5,1.386343
3,35,5,1.743428
4,35,5,1.041529
5,35,5,1.171060
6,35,5,0.856303
7,35,5,0.580549
2,40,5,0.883998
3,40,5,0.855429
4,40,5,1.310062
5,40,5,1.090022
6,40,5,0.732318
7,40,5,0.582203
2,45,5,1.419160
3,45,5,1.666992
4,45,5,1.141190
5,45,5,0.896767
6,45,5,0.865140
7,45,5,0.401936
2,50,5,1.406434
3,50,5,0.981772
4,50,5,0.855778
5,50,5,0.999386
6,50,5,0.681382
7,50,5,0.566083
2,55,5,1.447471
3,55,5,0.942611
4,55,5,1.155011
5,55,5,1.176582
6,55,5,0.694520
7,55,5,0.533350
2,60,5,1.477539
3,60,5,1.545611
4,60,5,1.275183
5,60,5,1.089869
6,60,5,0.627717
7,60,5,0.548860
2,65,5,1.594938
3,65,5,1.522133
4,65,5,1.271686
5,65,5,1.122292
6,65,5,0.807997
7,65,5,0.498084
2,70,5,0.807636
3,70,5,1.676803
4,70,5,1.102768
5,70,5,1.119103
6,70,5,0.631769
7,70,5,0.469111
2,75,5,1.301181
3,75,5,1.544360
4,75,5,1.032505
5,75,5,0.898774
6,75,5,0.619868
7,75,5,0.463738
2,80,5,0.818527
3,80,5,0.791255
4,80,5,1.178065
5,80,5,1.097116
6,80,5,0.693962
7,80,5,0.555309
2,85,5,0.854905
3,85,5,1.556878
4,85,5,1.014908
5,85,5,0.851795
6,85,5,0.634906
7,85,5,0.556346
2,90,5,0.864758
3,90,5,0.877636
4,90,5,1.012201
5,90,5,0.646470
6,90,5,0.600400
7,90,5,0.541077
2,95,5,1.043326
3,95,5,0.820972
4,95,5,0.751563
5,95,5,0.778863
6,95,5,0.584365
7,95,5,0.506342
2,100,5,1.349142
3,100,5,1.203659
4,100,5,1.252919
5,100,5,1.149974
6,100,5,0.701754
7,100,5,0.477725
2,5,1,0.747498
3,5,1,1.296213
4,5,1,0.800639
5,5,1,0.550414
6,5,1,0.150115
7,5,1,0.261563
2,5,3,1.361714
3,5,3,0.975333
4,5,3,0.964013
5,5,3,0.859428
6,5,3,0.503600
7,5,3,0.397761
2,5,5,1.403250
3,5,5,0.751684
4,5,5,1.096591
5,5,5,0.763592
6,5,5,0.423315
7,5,5,0.340813
2,5,7,0.742681
3,5,7,1.236201
4,5,7,0.765329
5,5,7,0.789986
6,5,7,0.618974
7,5,7,0.240592
2,5,9,1.418903
3,5,9,1.179958
4,5,9,0.946231
5,5,9,0.590174
6,5,9,0.565634
7,5,9,0.302361
2,5,11,1.216403
3,5,11,1.266139
4,5,11,0.967895
5,5,11,0.645382
6,5,11,0.417685
7,5,11,0.324267
2,5,13,1.364659
3,5,13,1.275242
4,5,13,1.014992
5,5,13,0.634775
6,5,13,0.419620
7,5,13,0.301549
2,5,15,1.319193
3,5,15,1.264177
4,5,15,0.713501
5,5,15,0.601990
6,5,15,0.632469
7,5,15,0.406596
2,5,17,1.430460
3,5,17,0.650938
4,5,17,1.054957
5,5,17,0.250111
6,5,17,0.433334
7,5,17,0.352879
2,5,19,1.333075
3,5,19,1.217991
4,5,19,0.886573
5,5,19,0.668851
6,5,19,0.468815
7,5,19,0.330680
2,5,21,1.235079
3,5,21,1.286803
4,5,21,1.027031
5,5,21,0.585236
6,5,21,0.543588
7,5,21,0.369853
2,5,5,1.378048
3,5,5,1.201117
4,5,5,0.959674
5,5,5,0.247648
6,5,5,0.610629
7,5,5,0.283846
2,10,5,1.449728
3,10,5,1.386439
4,10,5,0.883009
5,10,5,0.845676
6,10,5,0.537302
7,10,5,0.296229
2,15,5,1.516767
3,15,5,0.775430
4,15,5,0.727922
5,15,5,0.786042
6,15,5,0.216483
7,15,5,0.386479
2,20,5,1.329476
3,20,5,1.174257
4,20,5,0.886986
5,20,5,0.952061
6,20,5,0.688970
7,20,5,0.423697
2,25,5,0.890862
3,25,5,1.563143
4,25,5,1.060459
5,25,5,0.783861
6,25,5,0.751496
7,25,5,0.537823
2,30,5,1.554522
3,30,5,1.586925
4,30,5,1.249514
5,30,5,0.789840
6,30,5,0.651759
7,30,5,0.548951
2,35,5,1.378611
3,35,5,1.422184
4,35,5,1.339815
5,35,5,1.242115
6,35,5,0.613615
7,35,5,0.451202
2,40,5,1.367765
3,40,5,1.214473
4,40,5,1.055533
5,40,5,0.696315
6,40,5,0.808963
7,40,5,0.487969
2,45,5,1.430057
3,45,5,1.011037
4,45,5,0.816841
5,45,5,0.935873
6,45,5,0.528953
7,45,5,0.560974
2,50,5,1.538221
3,50,5,1.574041
4,50,5,1.256393
5,50,5,1.130100
6,50,5,0.750058
7,50,5,0.529933
2,55,5,1.575401
3,55,5,0.951025
4,55,5,1.193426
5,55,5,0.714369
6,55,5,0.723354
7,55,5,0.534842
2,60,5,1.403275
3,60,5,1.213594
4,60,5,1.154914
5,60,5,1.175838
6,60,5,0.676128
7,60,5,0.471129
2,65,5,0.849321
3,65,5,1.375959
4,65,5,1.024185
5,65,5,1.024630
6,65,5,0.905875
7,65,5,0.536650
2,70,5,1.592764
3,70,5,1.545519
4,70,5,0.894477
5,70,5,0.860038
6,70,5,0.397470
7,70,5,0.425249
2,75,5,1.499129
3,75,5,1.406566
4,75,5,0.715862
5,75,5,0.757147
6,75,5,0.456199
7,75,5,0.441766
2,80,5,1.384992
3,80,5,0.949066
4,80,5,1.200265
5,80,5,0.798684
6,80,5,0.460352
7,80,5,0.412467
2,85,5,1.185779
3,85,5,1.512730
4,85,5,1.215463
5,85,5,1.116426
6,85,5,0.639591
7,85,5,0.528898
2,90,5,1.583161
3,90,5,0.886208
4,90,5,1.208020
5,90,5,1.109963
6,90,5,0.593715
7,90,5,0.544384
2,95,5,1.573323
3,95,5,0.844328
4,95,5,0.856159
5,95,5,1.120506
6,95,5,0.671863
7,95,5,0.525739
2,100,5,0.888319
3,100,5,1.482900
4,100,5,0.716033
5,100,5,1.064831
6,100,5,0.890345
7,100,5,0.498228
